Word	Louw-Nida	Category
ἀβιληνή	93.0	toponym
ἄβυσσος	1.0	nature
ἅγια		buildings
ἀγορά		buildings
ἀγραυλέω	85.0	vbs. of motion
ἀγρός	1.0	nature
ἄγω	15.0	other vbs.
ᾅδης	1.0	nature
ἀδραμυττηνός	93.0	toponym
ἀδρίας	93.0	nature
ἄζωτος	93.0	toponym
ἀήρ	1.0	nature
ἀθῆναι	93.0	toponym
ἀθηναῖος	93.0	toponym
ἀθροίζω	15.0	other vbs.
αἰγιαλός	1.0	nature
αἰγύπτιος	93.0	toponym
αἴγυπτος	93.0	toponym
αἰθίοψ	93.0	toponym
αἰνών	93.0	toponym
αἴρω	15.0	other vbs.
αἰχμαλωτεύω		other vbs.
αἰχμαλωτίζω		other vbs.
αἰών	1.0	nature
ἄκανθα		nature
ἁκελδαμάχ	93.0	nature
ἀκολουθέω	15.0	vbs. of motion
ἀκροατήριον	7.0	buildings
ἄκρον	80.0	road
ἄλασσα		toponym
ἀλεξανδρεύς	93.0	toponym
ἀλεξανδρῖνος	93.0	toponym
ἀλλαχόθεν	84.0	indeclinable
ἀλλαχοῦ	83.0	indeclinable
ἀλλογενής		community
ἅλλομαι	15.0	vbs. of motion
ἅλων	7.0	buildings
ἄμμος	1.0	nature
ἄμπελος		nature
ἀμπελών		nature
ἀμφίπολις	93.0	toponym
ἄμφοδον	1.0	road
ἀναβαθμός	7.0	buildings
ἀναβαίνω	15.0	vbs. of motion
ἀναβιβάζω	15.0	vbs. of motion
ἀνάγαιον	7.0	buildings
ἀνάγω	15.0	vbs. of motion
ἀναδίδωμι		other vbs.
ἀναζητέω		other vbs.
ἀναζώννυμαι		vbs. of motion
ἀναιρέω		other vbs.
ἀνακαθίζω	17.0	vbs. of motion
ἀνακάμπτω	15.0	vbs. of motion
ἀνάκειμαι	17.0	vbs. of motion
ἀνακλίνω	17.0	vbs. of motion
ἀνακύπτω	17.0	vbs. of motion
ἀναλαμβάνω	15.0	other vbs.
ἀνάλημψις	15.0	nature
ἀνάλλομαι		vbs. of motion
ἀναλύω	15.0	vbs. of motion
ἀνάπαυσις		buildings
ἀναπαύω	85.0	vbs. of motion
ἀναπέμπω	15.0	vbs. of motion
ἀναπηδάω	15.0	vbs. of motion
ἀναπίπτω	17.0	vbs. of motion
ἀνασπάω	15.0	other vbs.
ἀναστάσις		nature
ἀναστρέφω	15.0	vbs. of motion
ἀνατέλλω	15.0	vbs. of motion
ἀνατολή	82.0	nature
ἀνατολικός		nature
ἀνατρέπω	16.0	other vbs.
ἀναφέρω	15.0	other vbs.
ἀναχωρέω	15.0	vbs. of motion
ἀνεμίζομαι	15.0	other vbs.
ἀνέρχομαι	15.0	vbs. of motion
ἀνίστημι	15.0	vbs. of motion
ἀνοίγω		other vbs.
ἀνοικοδομέω	45.0	other vbs.
ἀνορθόω	17.0	other vbs.
ἄντικρυς	83.0	indeclinable
ἀντιόχεια	93.0	toponym
ἀντιοχεύς	93.0	toponym
ἀντιπαρέρχομαι	15.0	vbs. of motion
ἀντιπατρίς	93.0	toponym
ἀντιπέρα	83.0	indeclinable
ἄνω	83.0	indeclinable
ἄνωθεν	84.0	indeclinable
ἀνωτερικός	1.0	indeclinable
ἀπάγω	15.0	vbs. of motion
ἀπαλλάσσω		other vbs.
ἀπαντάω	15.0	other vbs.
ἀπάντησις	15.0	community
ἀπασπάζομαι		vbs. of motion
ἄπειμι	85.0	vbs. of motion
ἀπελαύνω	15.0	vbs. of motion
ἀπέναντι	83.0	indeclinable
ἀπέρχομαι	15.0	vbs. of motion
ἀπέχω	85.0	other vbs.
ἀπό	84.0	indeclinable
ἀποβαίνω	15.0	vbs. of motion
ἀποδημέω	15.0	vbs. of motion
ἀπόδημος	85.0	vbs. of motion
ἀποθήκη	7.0	buildings
ἀπόκειμαι	85.0	other vbs.
ἀποκυλίω	15.0	other vbs.
ἀπολαμβάνω	15.0	other vbs.
ἀπολείπω	85.0	vbs. of motion
ἀπολλωνία	93.0	toponym
ἀπολύω	15.0	vbs. of motion
ἀπομένω		other vbs.
ἀποπέμπω		vbs. of motion
ἀποπίπτω	15.0	other vbs.
ἀποπλέω		vbs. of motion
ἀπορίπτω	15.0	vbs. of motion
ἀποσπάω	15.0	other vbs.
ἀποστεγάζω	45.0	other vbs.
ἀποστέλλω	15.0	vbs. of motion
ἀποστρέφω	85.0	vbs. of motion
ἀποτάσσω	15.0	other vbs.
ἀποτίθημι	85.0	other vbs.
ἀπουσία	85.0	community
ἀποφέρω	15.0	vbs. of motion
ἀποφεύγω		other vbs.
ἀποφορτίζομαι	15.0	other vbs.
ἀποχωρέω	15.0	vbs. of motion
ἀποχωρίζω	15.0	vbs. of motion
ἀπρόσιτος	15.0	indeclinable
ἀπωθέω	15.0	other vbs.
ἀραβία	93.0	toponym
ἄραψ	93.0	toponym
ἄρειος	93.0	buildings
ἀρεοπαγίτης		toponym
ἀριμαθαία	93.0	toponym
ἀριστερός	82.0	nature
ἀρχιτέκτων	45.0	buildings
ἀσάλευτος	15.0	nature
ἀσία	93.0	toponym
ἀσιανός	93.0	toponym
ἀσιάρχης		toponym
ἆσσον	83.0	indeclinable
ἆσσος	93.0	toponym
ἀστατέω	85.0	other vbs.
ἀττάλεια	93.0	toponym
αὐλή	7.0	buildings
ἀφαιρέω	85.0	other vbs.
ἀφεδρών	7.0	buildings
ἀφίημι	85.0	vbs. of motion
ἀφικνέομαι	15.0	vbs. of motion
ἄφιξις	15.0	road
ἀφίστημι	15.0	vbs. of motion
ἀχαία	93.0	toponym
ἀχαΐα	93.0	toponym
ἄχρι	84.0	indeclinable
βαβυλών	93.0	toponym
βάθος	81.0	nature
βαθύνω	81.0	other vbs.
βαθύς	81.0	indeclinable
βάλλω	85.0	other vbs.
βασίλειον	7.0	buildings
βασίλειος		buildings
βαστάζω	15.0	other vbs.
βέροια	93.0	toponym
βεροιαῖος	93.0	toponym
βηθανία	93.0	toponym
βηθζαθά	93.0	toponym
βηθλέεμ	93.0	toponym
βηθσαιδά	93.0	toponym
βηθσαιδάν		toponym
βηθφαγή	93.0	toponym
βῆμα	7.0	buildings
βιθυνία	93.0	toponym
βόθυνος	1.0	nature
βολή	15.0	nature
βορέας		nature
βορρᾶς	82.0	nature
βουνός	1.0	nature
βυθίζω	15.0	vbs. of motion
βυθός	1.0	nature
γαββαθά	93.0	toponym
γαδαρηνός	93.0	toponym
γάζα	93.0	toponym
γαζοφυλάκιον	7.0	buildings
γαλάτης	93.0	toponym
γαλατία	93.0	toponym
γαλατικός	93.0	toponym
γαλιλαία	93.0	toponym
γαλιλαῖος	93.0	toponym
γαλλία	93.0	toponym
γέεννα	1.0	nature
γεθσημανί	93.0	toponym
γεννησαρέτ	93.0	toponym
γερασηνός	93.0	toponym
γεργεσηνός	93.0	toponym
γεωργέω		other vbs.
γεώργιον	1.0	nature
γῆ	1.0	nature
γολγοθᾶ	93.0	toponym
γόμορρα	93.0	toponym
γονυπετέω	17.0	other vbs.
γωνία		buildings
δαλμανουθά	93.0	toponym
δαλματία	93.0	toponym
δαμασκηνός	93.0	toponym
δαμασκός	93.0	toponym
δεκάπολις	93.0	toponym
δεξιός	82.0	nature
δερβαῖος	93.0	toponym
δέρβη	93.0	toponym
δεσμωτήριον	7.0	buildings
δεῦρο	84.0	indeclinable
δεῦτε	84.0	indeclinable
δῆμος		community
διά	84.0	indeclinable
διαβαίνω	15.0	vbs. of motion
διαλύω	15.0	vbs. of motion
διαμερίζω	15.0	other vbs.
διαπεράω	15.0	vbs. of motion
διαπλέω		vbs. of motion
διαπορεύομαι	15.0	vbs. of motion
διασκορπίζω	15.0	other vbs.
διασπείρω	15.0	other vbs.
διασπορά	15.0	community
διάστημα		nature
διατρίβω	85.0	vbs. of motion
διαφέρω	15.0	vbs. of motion
διαφεύγω	15.0	vbs. of motion
διαχωρίζω	15.0	other vbs.
διέξοδος	1.0	buildings
διέρχομαι	15.0	vbs. of motion
διθάλασσος	1.0	nature
διικνέομαι	15.0	vbs. of motion
διίστημι	15.0	vbs. of motion
διοδεύω	15.0	vbs. of motion
διώκω	15.0	vbs. of motion
δύσις	82.0	nature
δυσμή		nature
δῶμα	7.0	buildings
ἐγγίζω	15.0	vbs. of motion
ἐγγύς	83.0	indeclinable
ἐγείρω	17.0	other vbs.
ἐγκατοικέω	85.0	vbs. of motion
ἔδαφος	1.0	nature
εἰδωλεῖον	7.0	buildings
εἰς	83.0	indeclinable
εἰσάγω	15.0	vbs. of motion
εἴσειμι	15.0	vbs. of motion
εἰσέρχομαι	15.0	vbs. of motion
εἴσοδος	15.0	buildings
εἰσπηδάω	15.0	vbs. of motion
εἰσπορεύομαι	15.0	vbs. of motion
εἰστρέχω	15.0	vbs. of motion
εἰσφέρω	15.0	other vbs.
ἐκ	84.0	indeclinable
ἐκβαίνω	15.0	vbs. of motion
ἐκβάλλω	15.0	other vbs.
ἐκδέχομαι	85.0	other vbs.
ἐκδημέω		vbs. of motion
ἐκδημέω	85.0	vbs. of motion
ἐκδιώκω	15.0	vbs. of motion
ἐκεῖ	83.0	indeclinable
ἐκεῖθεν	84.0	indeclinable
ἐκεῖσε	83.0	indeclinable
ἐκκολυμβάω	15.0	vbs. of motion
ἐκκομίζω	15.0	other vbs.
ἐκλείπω	15.0	other vbs.
ἐκνεύω	15.0	vbs. of motion
ἐκπέμπω	15.0	vbs. of motion
ἐκπετάννυμι	16.0	other vbs.
ἐκπηδάω	15.0	vbs. of motion
ἐκπίπτω	15.0	vbs. of motion
ἐκπλέω		vbs. of motion
ἐκπορεύομαι	15.0	vbs. of motion
ἐκτείνω	16.0	vbs. of motion
ἐκτίθημι	85.0	other vbs.
ἐκτός	83.0	indeclinable
ἐκφέρω	15.0	other vbs.
ἐκφεύγω	15.0	vbs. of motion
ἐκχέω	15.0	other vbs.
ἐκχωρέω	15.0	vbs. of motion
ἐλαιών		toponym
ἐλαμίτης	93.0	toponym
ἐλαύνω	15.0	vbs. of motion
ἔλευσις	15.0	community
ἕλκω	15.0	vbs. of motion
ἑλλάς	93.0	toponym
ἕλλην		toponym
ἑλληνικός		toponym
ἑλληνίς		toponym
ἐμβαίνω	15.0	vbs. of motion
ἐμβάλλω	85.0	other vbs.
ἐμβατεύω		vbs. of motion
ἐμβιβάζω	15.0	vbs. of motion
ἐμμαοῦς	93.0	toponym
ἐμμένω	85.0	vbs. of motion
ἐμπεριπατέω	85.0	vbs. of motion
ἐμπίπτω	15.0	vbs. of motion
ἐμπόριον		community
ἔμπροσθεν	83.0	indeclinable
ἐν	83.0	indeclinable
ἐνάλιος		indeclinable
ἔναντι	83.0	indeclinable
ἐναντιόν	83.0	indeclinable
ἐναντίος	82.0	indeclinable
ἐνδημέω	85.0	vbs. of motion
ἐνδύνω	15.0	vbs. of motion
ἐνδώμησις	7.0	buildings
ἔνειμι	85.0	vbs. of motion
ἐνθάδε	83.0	indeclinable
ἔνθεν	84.0	indeclinable
ἐνοικέω		vbs. of motion
ἐντεῦθεν	84.0	indeclinable
ἔντος	83.0	indeclinable
ἐνώπιον	83.0	indeclinable
ἐξάγω	15.0	vbs. of motion
ἐξαιρέω	85.0	other vbs.
ἐξαίρω		other vbs.
ἐξάλλομαι	15.0	vbs. of motion
ἐξανίσταμαι	17.0	vbs. of motion
ἐξανίστημι	17.0	vbs. of motion
ἐξαποστέλλω	15.0	vbs. of motion
ἔξειμι		vbs. of motion
ἐξέρχομαι	15.0	vbs. of motion
ἔξοδος	15.0	community
ἔξω	83.0	indeclinable
ἔξωθεν	83.0	indeclinable
ἐξωθέω	15.0	vbs. of motion
ἐξώτερος		indeclinable
ἐπαίρω	15.0	vbs. of motion
ἐπακολουθέω		vbs. of motion
ἐπανάγω	15.0	vbs. of motion
ἐπανέρχομαι	15.0	vbs. of motion
ἐπάνω	83.0	indeclinable
ἐπαρχεία	1.0	community
ἐπάρχειος		community
ἔπαυλις	7.0	buildings
ἐπέκεινα	83.0	indeclinable
ἐπεκτείνω	16.0	vbs. of motion
ἐπέρχομαι	15.0	vbs. of motion
ἐπί	83.0	indeclinable
ἐπιβαίνω	15.0	vbs. of motion
ἐπιβάλλω	15.0	vbs. of motion
ἐπιβιβάζω	15.0	vbs. of motion
ἐπίγειος	1.0	nature
ἐπιδημέω	85.0	vbs. of motion
ἐπιδύω	15.0	vbs. of motion
ἐπικαθίζω	17.0	vbs. of motion
ἐπίκειμαι	85.0	other vbs.
ἐπικέλλω		vbs. of motion
ἐπιμένω	85.0	vbs. of motion
ἐπιπορεύομαι	15.0	vbs. of motion
ἐπιρίπτω	15.0	vbs. of motion
ἐπισκηνόω	85.0	vbs. of motion
ἐπιστρέφω	15.0	vbs. of motion
ἐπισυνάγω	15.0	vbs. of motion
ἐπισυντρέχω	15.0	vbs. of motion
ἐποικοδομέω	45.0	other vbs.
ἐποκέλλω		vbs. of motion
ἐπουράνιος	1.0	nature
ἐρείδω	15.0	vbs. of motion
ἐρημία	1.0	nature
ἔρημος	1.0	nature
ἐρημόω		other vbs.
ἐρήμωσις		nature
ἔρχομαι	15.0	vbs. of motion
ἔσω	83.0	indeclinable
ἔσωθεν	83.0	indeclinable
ἐσώτερος	83.0	indeclinable
εὐρακύλων		nature
εὐροκλύδων		nature
εὐρύχωρος	81.0	indeclinable
εὐφράτης	93.0	toponym
εὐώνυμος	82.0	nature
ἐφάλλομαι	15.0	vbs. of motion
ἐφέσιος	93.0	toponym
ἔφεσος	93.0	toponym
ἐφίστημι	85.0	vbs. of motion
ἐφραίμ	93.0	toponym
ἕως	84.0	indeclinable
ἥκω	85.0	vbs. of motion
θάλασσα	1.0	nature
θέατρον	7.0	buildings
θεμέλιος	7.0	buildings
θεμελιόω	7.0	buildings
θεσσαλία		toponym
θεσσαλονικεύς	93.0	toponym
θεσσαλονίκη	93.0	toponym
θησαυρός	7.0	buildings
θρόνος		buildings
θυάτειρα	93.0	toponym
θυμιατήριον		buildings
θύρα	7.0	buildings
θυρίς	7.0	buildings
θυσιαστήριον		buildings
ἰδουμαία	93.0	toponym
ἱεράπολις	93.0	toponym
ἰεριχώ	93.0	toponym
ἱερόν	7.0	buildings
ἱεροσόλυμα	93.0	toponym
ἱεροσολυμίτης	93.0	toponym
ἰερουσαλήμ	93.0	toponym
ἰκόνιον	93.0	toponym
ἰλλυρικόν	93.0	toponym
ἰόππη	93.0	toponym
ἰορδάνης	93.0	nature
ἰουδαία	93.0	toponym
ἰσραήλ		toponym
ἰσραηλίτης		toponym
ἵστημι	85.0	vbs. of motion
ἰταλία	93.0	toponym
ἰταλικός	93.0	toponym
ἰτουραῖος	93.0	toponym
καθαιρέω	15.0	other vbs.
καθέδρα		buildings
καθέζομαι	17.0	vbs. of motion
καθεξῆς		indeclinable
κάθημαι	85.0	vbs. of motion
καθίζω	85.0	vbs. of motion
καθίημι	15.0	other vbs.
καθιστάνω	15.0	vbs. of motion
καθίστημι		other vbs.
καισάρεια	93.0	toponym
κἀκεῖ		indeclinable
κἀκεῖθεν	84.0	indeclinable
κάμινος	7.0	buildings
κανά	93.0	toponym
κανανίτης		toponym
καππαδοκία	93.0	toponym
καρυῶτος	93.0	toponym
κατά	83.0	indeclinable
καταβαίνω	15.0	vbs. of motion
καταβάλλω	85.0	other vbs.
κατάβασις	15.0	nature
καταβιβάζω	15.0	other vbs.
κατάγω	15.0	vbs. of motion
καταδιώκω		vbs. of motion
κατάκειμαι	17.0	vbs. of motion
κατακλείω		other vbs.
κατακλίνω	17.0	vbs. of motion
κατακολουθέω	15.0	vbs. of motion
κατακρημνίζω	15.0	vbs. of motion
κατακύπτω	17.0	vbs. of motion
καταλείπω	85.0	vbs. of motion
κατάλυμα	7.0	buildings
καταμένω	85.0	vbs. of motion
καταντάω	15.0	vbs. of motion
καταπέτασμα		buildings
καταπίπτω	15.0	other vbs.
καταπλέω		vbs. of motion
καταποντίζω	15.0	other vbs.
κατασκευάζω	45.0	other vbs.
κατασκηνόω		vbs. of motion
κατασκήνωσις		buildings
καταστρέφω	16.0	other vbs.
κατασύρω	15.0	other vbs.
κατατρέχω	15.0	vbs. of motion
καταφεύγω	15.0	other vbs.
καταχθόνιος	1.0	nature
κατέναντι	83.0	indeclinable
κατενώπιον	83.0	indeclinable
κατέρχομαι	15.0	vbs. of motion
κατοικέω	85.0	vbs. of motion
κατοίκησις	85.0	buildings
κατοικητήριον	85.0	buildings
κατοικία	85.0	buildings
κατοικίζω	85.0	vbs. of motion
κάτω	83.0	indeclinable
κατώτερος	83.0	indeclinable
κατωτέρω		indeclinable
καῦδα	93.0	toponym
καφαρναούμ	93.0	toponym
κεγχρεαί	93.0	toponym
κεδρών	93.0	toponym
κεῖμαι	85.0	vbs. of motion
κῆπος	1.0	community
κηπουρός		community
κιβωτός		vehicle
κιλικία	93.0	toponym
κίλιξ		toponym
κινέω	15.0	vbs. of motion
κίνησις	16.0	nature
κλίβανος	7.0	buildings
κλίμα		nature
κλινάριον		buildings
κλίνη		buildings
κλινίδιον		buildings
κλίνω	15.0	other vbs.
κλισία		buildings
κλυδωνίζω	16.0	vbs. of motion
κνίδος	93.0	toponym
κοίτη		buildings
κοιτών	7.0	buildings
κολοσσαί	93.0	toponym
κολυμβάω	15.0	vbs. of motion
κολυμβήθρα	7.0	nature
κολωνία	1.0	community
κομίζω	15.0	vbs. of motion
κορίνθιος	93.0	toponym
κόρινθος	93.0	toponym
κοσμικός	1.0	nature
κόσμος	1.0	nature
κόσμος	1.0	nature
κράβαττος		buildings
κρημνός	1.0	nature
κρής	93.0	toponym
κρῆτες		toponym
κρήτη	93.0	toponym
κριτήριον		buildings
κτίσις	1.0	nature
κυκλεύω	15.0	other vbs.
κυκλόθεν	83.0	indeclinable
κύκλος	83.0	nature
κυκλόω	15.0	other vbs.
κυλισμός	16.0	community
κυλίω	16.0	vbs. of motion
κύπριος	93.0	toponym
κύπρος	93.0	toponym
κύπτω	17.0	vbs. of motion
κυρηναῖος	93.0	toponym
κυρήνη	93.0	toponym
κώμη	1.0	community
κωμόπολις	1.0	community
κῶς	93.0	toponym
λαξευτός		nature
λαοδίκεια	93.0	toponym
λαοδικεύς	93.0	toponym
λασαία	93.0	toponym
λατομέω		other vbs.
ληνός	7.0	buildings
λιβύη	93.0	toponym
λιθόστρωτον	7.0	buildings
λιμήν	1.0	nature
λίμνη	1.0	nature
λίψ	82.0	nature
λύδδα	93.0	toponym
λυκαονία	93.0	toponym
λυκαονιστί		toponym
λυκία	93.0	toponym
λύστρα	93.0	toponym
λύω	15.0	other vbs.
μαγαδάν	93.0	toponym
μαγδαλά	93.0	toponym
μαγδαληνή	93.0	toponym
μαγεδάν	93.0	toponym
μαγῶγ		toponym
μαδιάμ	93.0	toponym
μακεδονία	93.0	toponym
μακεδών	93.0	toponym
μάκελλον		community
μακράν	83.0	indeclinable
μακρόθεν	83.0	indeclinable
μακρός	81.0	indeclinable
μεθιστάνω	15.0	other vbs.
μεθίστημι	15.0	other vbs.
μελίτη	93.0	toponym
μένω	85.0	vbs. of motion
μερίς	1.0	community
μέρος		nature
μεσάζω		other vbs.
μεσοποταμία	93.0	toponym
μέσος	83.0	indeclinable
μεσότοιχον	7.0	buildings
μεσουράνημα	1.0	nature
μεσόω		other vbs.
μεταβαίνω	15.0	vbs. of motion
μετάγω	15.0	vbs. of motion
μετάθεσις	15.0	community
μεταίρω	15.0	vbs. of motion
μετακινέω		vbs. of motion
μεταξύ	83.0	indeclinable
μεταπέμπω	15.0	vbs. of motion
μετατίθημι	15.0	other vbs.
μετοικεσία	85.0	community
μετοικίζω	85.0	vbs. of motion
μέχρι	84.0	indeclinable
μῆδος	93.0	toponym
μῆκος	81.0	nature
μηκύνω		other vbs.
μητρόπολις		community
μικρός	81.0	nature
μίλητος	93.0	toponym
μίλιον	81.0	road
μίσθωμα		buildings
μιτυλήνη	93.0	toponym
μνῆμα	7.0	buildings
μνημεῖον	7.0	buildings
μονή	85.0	community
μύλος	7.0	buildings
μυλών		buildings
μύρα	93.0	toponym
μυσία	93.0	toponym
ναζαρά	93.0	toponym
ναζαρέθ	93.0	toponym
ναζαρέτ	93.0	toponym
ναζαρηνός	93.0	toponym
ναζωραῖος	93.0	toponym
ναίν	93.0	toponym
ναΐν	93.0	toponym
ναός	7.0	buildings
ναῦς		vehicle
νησίον	1.0	nature
νῆσος	1.0	nature
νικόπολις	93.0	toponym
νινευή	93.0	toponym
νινευίτης	93.0	toponym
νομή	1.0	nature
νότος	82.0	nature
νυμφών	7.0	buildings
ξενία	7.0	buildings
ξενίζω		vbs. of motion
ξενοδοχέω		vbs. of motion
ξένος		community
ὁδεύω	15.0	vbs. of motion
ὁδηγέω	15.0	vbs. of motion
ὁδηγός	15.0	community
ὁδοιπορέω	15.0	vbs. of motion
ὁδοιπορία	15.0	road
ὁδοποιέω		vbs. of motion
ὁδός	1.0	road
ὅθεν	84.0	indeclinable
οἰκεῖος		buildings
οἰκέτης		buildings
οἰκέω	85.0	vbs. of motion
οἴκημα	7.0	buildings
οἰκητήριον	85.0	buildings
οἰκία	7.0	buildings
οἰκιακός		buildings
οἰκίον		buildings
οἰκοδεσποτέω		buildings
οἰκοδεσπότης		buildings
οἰκοδομέω	45.0	other vbs.
οἰκοδομή	7.0	buildings
οἰκοδομία		buildings
οἰκοδόμος	45.0	buildings
οἶκος	7.0	buildings
οἰκουμένη	1.0	nature
οἰκουργός		buildings
οἰκουρός		buildings
ὁμόσε		indeclinable
ὀπή	1.0	nature
ὄπισθεν	83.0	indeclinable
ὀπίσω	83.0	indeclinable
ὅπου	83.0	indeclinable
ὀρεινή	1.0	nature
ὅριον		nature
ὁρμάω	15.0	vbs. of motion
ὁροθεσία	80.0	nature
ὄρος	1.0	nature
ὅρος		nature
ὀρχέομαι	15.0	vbs. of motion
οὗ	83.0	indeclinable
οὐράνιος	1.0	nature
οὐρανόθεν	1.0	indeclinable
οὐρανός	1.0	nature
ὀφρῦς	1.0	nature
ὀχετός		buildings
ὀχύρωμα	7.0	buildings
παμθυλία	93.0	toponym
πανδοχεῖον	7.0	buildings
πανοικεί		buildings
πανταχῆ	83.0	indeclinable
πανταχῇ	83.0	indeclinable
πανταχόθεν	83.0	indeclinable
πανταχοῦ	83.0	indeclinable
πάντοθεν	83.0	indeclinable
παρά	83.0	indeclinable
παραβάλλω		vbs. of motion
παραγίγνομαι	15.0	vbs. of motion
παραγίνομαι	15.0	vbs. of motion
παράγω	15.0	vbs. of motion
παράδεισος	1.0	nature
παραθαλάσσιος	1.0	nature
παρακαθέζομαι	17.0	vbs. of motion
παρακαθίζω		vbs. of motion
παρακύπτω	17.0	vbs. of motion
παραλαμβάνω	15.0	other vbs.
παράλιος	1.0	nature
παραμένω	85.0	vbs. of motion
παραπορεύομαι	15.0	vbs. of motion
παραφέρω	15.0	other vbs.
πάρειμι	15.0	vbs. of motion
παρεισέρχομαι		vbs. of motion
παρεμβάλλω	85.0	other vbs.
παρεμβολή	1.0	buildings
παρέρχομαι	15.0	vbs. of motion
πάρθος	93.0	toponym
παρίσταμαι	15.0	vbs. of motion
παρίστημι	85.0	vbs. of motion
πάροδος	15.0	road
παροικέω	85.0	vbs. of motion
παροικία	85.0	community
παρουσία	85.0	community
πάταρα	93.0	toponym
πατέω	15.0	vbs. of motion
πάτμος	93.0	toponym
πατρίς	1.0	nature
πάφος	93.0	toponym
πεζεύω	15.0	vbs. of motion
πεζῇ		indeclinable
πεζός		vbs. of motion
πέλαγος	1.0	nature
πέμπω	15.0	other vbs.
περαία		toponym
πέραν	83.0	indeclinable
πέρας	80.0	nature
πέργαμος	93.0	toponym
πέργη	93.0	toponym
περί	83.0	indeclinable
περιάγω	15.0	vbs. of motion
περιαιρέω	15.0	other vbs.
περιέρχομαι	15.0	vbs. of motion
περιίστημι	17.0	vbs. of motion
περικαθίζω		vbs. of motion
περίκειμαι	85.0	vbs. of motion
περικυκλόω	15.0	other vbs.
περιλείπομαι	85.0	other vbs.
πέριξ	83.0	indeclinable
περιοικέω	85.0	vbs. of motion
περίοικος		vbs. of motion
περιπατέω	15.0	vbs. of motion
περιπίπτω	15.0	other vbs.
περιτίθημι	85.0	other vbs.
περιτρέχω	15.0	vbs. of motion
περιφέρω	15.0	vbs. of motion
περίχωρος	1.0	indeclinable
πέτομαι	15.0	vbs. of motion
πηγή	7.0	nature
πήγνυμι	45.0	other vbs.
πῆχυς	81.0	nature
πίπτω	15.0	other vbs.
πισιδία	93.0	toponym
πλανάω	15.0	vbs. of motion
πλάνης		road
πλανήτης	15.0	road
πλατεῖα	1.0	road
πλάτος	81.0	nature
πλατύνω	81.0	other vbs.
πλατύς	81.0	nature
πλευρά		nature
πλέω		vbs. of motion
πλησίον	83.0	indeclinable
πλοιάριον		vehicle
πλοῖον		vehicle
πλοῦς		road
πόθεν	84.0	indeclinable
πόλις	1.0	community
ποντικός	93.0	toponym
πόντος	93.0	toponym
πορεία	15.0	road
πορεύομαι	15.0	vbs. of motion
πόρρω	83.0	indeclinable
πόρρωθεν	83.0	indeclinable
ποταμός	1.0	nature
ποταμοφόρητος	15.0	nature
ποτίολοι	93.0	toponym
πού	83.0	indeclinable
ποῦ	83.0	indeclinable
πραιτώριον	7.0	buildings
πρηνής	17.0	nature
πρό	83.0	indeclinable
προάγω	15.0	vbs. of motion
προαύλιον	7.0	buildings
προβαίνω	15.0	vbs. of motion
προβιβάζω		other vbs.
προέρχομαι	15.0	vbs. of motion
προηγέομαι		vbs. of motion
προπέμπω	15.0	vbs. of motion
προπορεύομαι	15.0	vbs. of motion
πρός	83.0	indeclinable
προσάγω	15.0	vbs. of motion
προσαγωγή		buildings
προσαναβαίνω	15.0	vbs. of motion
προσανέχω	15.0	other vbs.
προσδέχομαι	85.0	other vbs.
προσεάω		vbs. of motion
προσεγγίζω	15.0	vbs. of motion
προσέρχομαι	15.0	vbs. of motion
προσκόπτω	15.0	other vbs.
προσκυλίω	15.0	other vbs.
προσκυνέω	17.0	vbs. of motion
προσλαμβάνω	15.0	vbs. of motion
προσμένω	85.0	vbs. of motion
προσορμίζομαι		vbs. of motion
προσπίπτω	17.0	other vbs.
προσπορεύομαι	15.0	vbs. of motion
προστρέχω	15.0	vbs. of motion
προσφέρω	15.0	other vbs.
προτρέχω	15.0	vbs. of motion
προφθάνω		vbs. of motion
πρύμνα		vehicle
πρῷρα		vehicle
πρωτοκαθεδρία		community
πρωτοκλισία		community
πτερύγιον	7.0	buildings
πτολεμαΐς	93.0	toponym
πύλη	7.0	buildings
πυλών	7.0	buildings
πύργος	7.0	buildings
ῥαμά	93.0	toponym
ῥάσσω		vbs. of motion
ῥέδη		vehicle
ῥήγιον	93.0	toponym
ῥήσσω		vbs. of motion
ῥιπίζω	16.0	other vbs.
ῥιπτέω	85.0	other vbs.
ῥίπτω	85.0	other vbs.
ῥόδος	93.0	toponym
ῥύμη	1.0	road
ῥωμαικός	93.0	toponym
ῥωμαϊκός	93.0	toponym
ῥωμαῖος	93.0	toponym
ῥώμη	93.0	toponym
σαλαμίς	93.0	toponym
σαλείμ	93.0	toponym
σαλήμ	93.0	toponym
σαλμώνη	93.0	toponym
σαμάρεια	93.0	toponym
σαμαρίτης	93.0	toponym
σαμαρῖτις	93.0	toponym
σαμοθρᾴκη	93.0	toponym
σάμος	93.0	toponym
σαμφουριν		toponym
σάρδεις	93.0	toponym
σάρεπτα	93.0	toponym
σαρών	93.0	toponym
σελεύκεια	93.0	toponym
σιδών	93.0	toponym
σιδώνιος	93.0	toponym
σιλωάμ	93.0	toponym
σινᾶ	93.0	toponym
σιρός	1.0	nature
σιών	93.0	toponym
σκάφη		vehicle
σκηνή	7.0	buildings
σκῆνος		buildings
σκηνόω	85.0	vbs. of motion
σκήνωμα	7.0	buildings
σκιρτάω	15.0	vbs. of motion
σκορπίζω	15.0	vbs. of motion
σκύθης	93.0	toponym
σμύρνα	93.0	toponym
σμυρναῖος		toponym
σόδομα	93.0	toponym
σπανία	93.0	toponym
σπήλαιον	1.0	nature
στάδιον	7.0	buildings
στέγη	7.0	buildings
στοά	7.0	buildings
στρέφω	15.0	other vbs.
στῦλος	7.0	buildings
συγκάθημαι		vbs. of motion
συγκαθίζω	17.0	vbs. of motion
συγκαταβαίνω	15.0	vbs. of motion
σύγκειμαι		vbs. of motion
συγκύπτω	17.0	other vbs.
συμβάλλω	15.0	vbs. of motion
συμπαραγίνομαι	15.0	vbs. of motion
συμπαραλαμβάνω	15.0	vbs. of motion
συμπάρειμι	85.0	vbs. of motion
συμπέμπω	15.0	vbs. of motion
συμπορεύομαι	15.0	vbs. of motion
συμποσία		community
συμπόσιον		community
συμφυλέτης		nature
συνάγω	85.0	vbs. of motion
συναγωγή	7.0	buildings
συναθροίζω	15.0	vbs. of motion
συνακολουθέω	15.0	vbs. of motion
συναναβαίνω	15.0	vbs. of motion
συνανάκειμαι		vbs. of motion
συναναμίγνυμαι		other vbs.
συναναστρέφομαι		other vbs.
συναποστέλλω	15.0	vehicle
συναρπάζω	15.0	other vbs.
συνδρομή	15.0	community
σύνειμι	85.0	vbs. of motion
συνεισέρχομαι	15.0	vbs. of motion
συνέκδημος	15.0	road
συνεκπορεύομαι		vbs. of motion
συνέπομαι	15.0	vbs. of motion
συνέρχομαι	15.0	vbs. of motion
συνεσθίω		other vbs.
συνεφίσταμαι		vbs. of motion
συνίσταμαι		vbs. of motion
συνοδεύω	15.0	vbs. of motion
συνοδία	15.0	road
συνοικοδομέω	45.0	vbs. of motion
συντρέχω	15.0	vbs. of motion
συντυγχάνω	15.0	vbs. of motion
σύρα		toponym
συράκουσαι	93.0	toponym
συρία	93.0	toponym
σύρος	93.0	toponym
συροφοινίκισσα	93.0	toponym
σύρτις	93.0	nature
σύρω	15.0	vbs. of motion
συστέλλω	15.0	other vbs.
συστρέφω	15.0	vbs. of motion
συχάρ	93.0	toponym
συχέμ	93.0	toponym
σχολή	7.0	buildings
ταβέρναι		buildings
ταβέρνη	7.0	buildings
ταμεῖον	7.0	buildings
ταμιεῖον		buildings
ταράσσω	16.0	other vbs.
ταρσεύς	93.0	toponym
ταρσός	93.0	toponym
τάρταρος	1.0	nature
ταρταρόω	1.0	other vbs.
ταφή		buildings
τάφος	7.0	buildings
τεῖχος	7.0	buildings
τελώνιον		buildings
τήρησις	7.0	buildings
τιβεριάς	93.0	toponym
τίθημι	85.0	other vbs.
τίκτω		other vbs.
τοῖχος	7.0	buildings
τόπος	80.0	community
τραχωνῖτις	93.0	toponym
τρέχω	15.0	vbs. of motion
τρίβος	1.0	road
τρίστεγον	7.0	buildings
τροπή	16.0	community
τρῳάς	93.0	toponym
τρωγύλλιον	93.0	toponym
τύριος	93.0	toponym
τύρος	93.0	toponym
ὑπάγω	15.0	vbs. of motion
ὑπαντάω	15.0	vbs. of motion
ὑπάντησις	15.0	community
ὑπεράνω	83.0	indeclinable
ὑπερυψόω		other vbs.
ὑπερῷον	7.0	buildings
ὑπό	83.0	indeclinable
ὑποκάτω	83.0	indeclinable
ὑπολαμβάνω	15.0	other vbs.
ὑπολείπομαι	85.0	other vbs.
ὑπολήνιον	7.0	buildings
ὑπομένω	85.0	vbs. of motion
ὑποπλέω		vbs. of motion
ὑποστρέφω	15.0	vbs. of motion
ὑποτρέχω		vbs. of motion
ὑποχωρέω	15.0	vbs. of motion
ὑψηλός	83.0	nature
ὕψος	1.0	nature
ὑψόω	81.0	other vbs.
φάραγξ	1.0	nature
φάτνη	7.0	buildings
φέρω	85.0	other vbs.
φεύγω	15.0	vbs. of motion
φθάνω	15.0	vbs. of motion
φιλαδέλφεια	93.0	toponym
φιλιππήσιος	93.0	toponym
φίλιπποι	93.0	toponym
φοινίκη	93.0	toponym
φοῖνιξ	93.0	toponym
φόρον	93.0	buildings
φορτίζω	15.0	other vbs.
φράγμος	1.0	buildings
φρέαρ	1.0	nature
φρυγία	93.0	toponym
φρύγιος		toponym
φυγαδεύω		other vbs.
φυγή	15.0	community
φυλακή	7.0	buildings
φυλακίζω		other vbs.
φυλή		nature
φωλεός	1.0	nature
χαλάω	15.0	vbs. of motion
χαλδαῖος	93.0	toponym
χαμαί	1.0	indeclinable
χανάαν	93.0	toponym
χαναναῖος	93.0	toponym
χαρράν	93.0	toponym
χάσμα	1.0	nature
χείμαρρος	1.0	nature
χειραγωγός	15.0	community
χίος	93.0	toponym
χοικός	1.0	nature
χοϊκός	1.0	nature
χοραζίν	93.0	toponym
χώρα	1.0	nature
χωρέω	80.0	vbs. of motion
χωρίζω	85.0	vbs. of motion
χωρίον	1.0	community
χῶρος	82.0	nature
ὧδε	83.0	indeclinable
